danceability,energy,key,loudness,mode,speechiness,acousticness,instrumentalness,liveness,valence,tempo,type,id,uri,track_href,analysis_url,duration_ms,time_signature
0.726,0.554,5,-5.29,0,0.0917,0.0421,0,0.106,0.335,169.999,audio_features,4kV4N9D1iKVxx1KLvtTpjS,spotify:track:4kV4N9D1iKVxx1KLvtTpjS,https://api.spotify.com/v1/tracks/4kV4N9D1iKVxx1KLvtTpjS,https://api.spotify.com/v1/audio-analysis/4kV4N9D1iKVxx1KLvtTpjS,190440,4
0.833,0.539,11,-7.399,0,0.178,0.163,2.1e-06,0.101,0.385,99.947,audio_features,6MWtB6iiXyIwun0YzU6DFP,spotify:track:6MWtB6iiXyIwun0YzU6DFP,https://api.spotify.com/v1/tracks/6MWtB6iiXyIwun0YzU6DFP,https://api.spotify.com/v1/audio-analysis/6MWtB6iiXyIwun0YzU6DFP,149520,4
0.752,0.488,6,-7.05,1,0.0705,0.297,9.11e-06,0.0936,0.533,136.041,audio_features,5p7ujcrUXASCNwRaWNHR1C,spotify:track:5p7ujcrUXASCNwRaWNHR1C,https://api.spotify.com/v1/tracks/5p7ujcrUXASCNwRaWNHR1C,https://api.spotify.com/v1/audio-analysis/5p7ujcrUXASCNwRaWNHR1C,201661,4
0.687,0.792,5,-2.749,1,0.0452,0.191,0,0.167,0.671,100.015,audio_features,2dpaYNEQHiRxtZbfNsse99,spotify:track:2dpaYNEQHiRxtZbfNsse99,https://api.spotify.com/v1/tracks/2dpaYNEQHiRxtZbfNsse99,https://api.spotify.com/v1/audio-analysis/2dpaYNEQHiRxtZbfNsse99,214290,4
0.837,0.364,8,-11.713,1,0.276,0.149,0,0.271,0.463,123.984,audio_features,2JvzF1RMd7lE3KmFlsyZD8,spotify:track:2JvzF1RMd7lE3KmFlsyZD8,https://api.spotify.com/v1/tracks/2JvzF1RMd7lE3KmFlsyZD8,https://api.spotify.com/v1/audio-analysis/2JvzF1RMd7lE3KmFlsyZD8,213594,4
0.905,0.389,8,-14.505,1,0.332,0.74,0.162,0.106,0.196,120.046,audio_features,4NzMOnvSJVNKF7nw5NkXIP,spotify:track:4NzMOnvSJVNKF7nw5NkXIP,https://api.spotify.com/v1/tracks/4NzMOnvSJVNKF7nw5NkXIP,https://api.spotify.com/v1/audio-analysis/4NzMOnvSJVNKF7nw5NkXIP,193143,4
0.741,0.52,8,-7.513,1,0.0656,0.45,1.97e-06,0.222,0.347,102.998,audio_features,6Qs4SXO9dwPj5GKvVOv8Ki,spotify:track:6Qs4SXO9dwPj5GKvVOv8Ki,https://api.spotify.com/v1/tracks/6Qs4SXO9dwPj5GKvVOv8Ki,https://api.spotify.com/v1/audio-analysis/6Qs4SXO9dwPj5GKvVOv8Ki,171030,4
0.737,0.86,8,-2.652,0,0.0593,0.11,1.94e-06,0.0574,0.656,93.989,audio_features,5w9c2J52mkdntKOmRLeM2m,spotify:track:5w9c2J52mkdntKOmRLeM2m,https://api.spotify.com/v1/tracks/5w9c2J52mkdntKOmRLeM2m,https://api.spotify.com/v1/audio-analysis/5w9c2J52mkdntKOmRLeM2m,193227,4
0.719,0.704,1,-4.724,1,0.0476,0.0691,0,0.166,0.628,133.002,audio_features,25sgk305KZfyuqVBQIahim,spotify:track:25sgk305KZfyuqVBQIahim,https://api.spotify.com/v1/tracks/25sgk305KZfyuqVBQIahim,https://api.spotify.com/v1/audio-analysis/25sgk305KZfyuqVBQIahim,187436,4
0.841,0.798,1,-4.206,0,0.229,0.153,3.33e-06,0.0618,0.591,95.948,audio_features,4w8niZpiMy6qz1mntFA5uM,spotify:track:4w8niZpiMy6qz1mntFA5uM,https://api.spotify.com/v1/tracks/4w8niZpiMy6qz1mntFA5uM,https://api.spotify.com/v1/audio-analysis/4w8niZpiMy6qz1mntFA5uM,212500,4
0.889,0.496,4,-6.365,0,0.0905,0.259,0,0.252,0.544,86.003,audio_features,2IRZnDFmlqMuOrYOLnZZyc,spotify:track:2IRZnDFmlqMuOrYOLnZZyc,https://api.spotify.com/v1/tracks/2IRZnDFmlqMuOrYOLnZZyc,https://api.spotify.com/v1/audio-analysis/2IRZnDFmlqMuOrYOLnZZyc,180522,4
0.572,0.385,7,-6.362,1,0.0308,0.371,0,0.231,0.323,95.799,audio_features,2VxeLyX666F8uXCJ0dZF8B,spotify:track:2VxeLyX666F8uXCJ0dZF8B,https://api.spotify.com/v1/tracks/2VxeLyX666F8uXCJ0dZF8B,https://api.spotify.com/v1/audio-analysis/2VxeLyX666F8uXCJ0dZF8B,215733,4
0.834,0.73,8,-3.714,1,0.222,0.00513,0,0.124,0.446,155.008,audio_features,2xLMifQCjDGFmkHkpNLD9h,spotify:track:2xLMifQCjDGFmkHkpNLD9h,https://api.spotify.com/v1/tracks/2xLMifQCjDGFmkHkpNLD9h,https://api.spotify.com/v1/audio-analysis/2xLMifQCjDGFmkHkpNLD9h,312820,4
0.778,0.317,1,-10.732,0,0.334,0.592,0,0.0881,0.327,140.048,audio_features,6ocbgoVGwYJhOv1GgI9NsF,spotify:track:6ocbgoVGwYJhOv1GgI9NsF,https://api.spotify.com/v1/tracks/6ocbgoVGwYJhOv1GgI9NsF,https://api.spotify.com/v1/audio-analysis/6ocbgoVGwYJhOv1GgI9NsF,178627,4
0.837,0.636,1,-7.643,1,0.086,0.0395,0.00125,0.342,0.274,145.972,audio_features,2t8yVaLvJ0RenpXUIAC52d,spotify:track:2t8yVaLvJ0RenpXUIAC52d,https://api.spotify.com/v1/tracks/2t8yVaLvJ0RenpXUIAC52d,https://api.spotify.com/v1/audio-analysis/2t8yVaLvJ0RenpXUIAC52d,288624,4
0.807,0.887,1,-4.311,0,0.0361,0.016,0.000503,0.0811,0.606,122.015,audio_features,5itOtNx0WxtJmi1TQ3RuRd,spotify:track:5itOtNx0WxtJmi1TQ3RuRd,https://api.spotify.com/v1/tracks/5itOtNx0WxtJmi1TQ3RuRd,https://api.spotify.com/v1/audio-analysis/5itOtNx0WxtJmi1TQ3RuRd,229184,4
0.599,0.733,11,-7.058,1,0.203,0.176,0,0.242,0.534,102.211,audio_features,7COXchtUOMd6uIT6HvmRaI,spotify:track:7COXchtUOMd6uIT6HvmRaI,https://api.spotify.com/v1/tracks/7COXchtUOMd6uIT6HvmRaI,https://api.spotify.com/v1/audio-analysis/7COXchtUOMd6uIT6HvmRaI,162583,4
0.861,0.603,8,-5.788,0,0.176,0.0521,0,0.0924,0.504,98.043,audio_features,0FZ4Dmg8jJJAPJnvBIzD9z,spotify:track:0FZ4Dmg8jJJAPJnvBIzD9z,https://api.spotify.com/v1/tracks/0FZ4Dmg8jJJAPJnvBIzD9z,https://api.spotify.com/v1/audio-analysis/0FZ4Dmg8jJJAPJnvBIzD9z,228760,4
0.9,0.4,0,-8.443,1,0.124,0.0501,0,0.0876,0.338,136.001,audio_features,0rTV5WefWd1J3OwIheTzxM,spotify:track:0rTV5WefWd1J3OwIheTzxM,https://api.spotify.com/v1/tracks/0rTV5WefWd1J3OwIheTzxM,https://api.spotify.com/v1/audio-analysis/0rTV5WefWd1J3OwIheTzxM,197487,4
0.68,0.563,10,-5.843,1,0.0454,0.354,0,0.136,0.374,145.028,audio_features,7dt6x5M1jzdTEt8oCbisTK,spotify:track:7dt6x5M1jzdTEt8oCbisTK,https://api.spotify.com/v1/tracks/7dt6x5M1jzdTEt8oCbisTK,https://api.spotify.com/v1/audio-analysis/7dt6x5M1jzdTEt8oCbisTK,231267,4
0.729,0.625,4,-5.266,1,0.0315,0.194,0.00986,0.248,0.261,146.034,audio_features,1xzBco0xcoJEDXktl7Jxrr,spotify:track:1xzBco0xcoJEDXktl7Jxrr,https://api.spotify.com/v1/tracks/1xzBco0xcoJEDXktl7Jxrr,https://api.spotify.com/v1/audio-analysis/1xzBco0xcoJEDXktl7Jxrr,183907,4
0.758,0.665,2,-5.188,0,0.0774,0.0815,0.000157,0.216,0.643,151.976,audio_features,2hloaUoRonYssMuqLCBLTX,spotify:track:2hloaUoRonYssMuqLCBLTX,https://api.spotify.com/v1/tracks/2hloaUoRonYssMuqLCBLTX,https://api.spotify.com/v1/audio-analysis/2hloaUoRonYssMuqLCBLTX,216893,4
0.652,0.557,1,-5.714,0,0.0318,0.74,0,0.124,0.483,150.073,audio_features,2qxmye6gAegTMjLKEBoR3d,spotify:track:2qxmye6gAegTMjLKEBoR3d,https://api.spotify.com/v1/tracks/2qxmye6gAegTMjLKEBoR3d,https://api.spotify.com/v1/audio-analysis/2qxmye6gAegTMjLKEBoR3d,169354,4
0.587,0.535,5,-6.09,0,0.0898,0.117,6.56e-05,0.131,0.14,159.847,audio_features,0e7ipj03S05BNilyu5bRzt,spotify:track:0e7ipj03S05BNilyu5bRzt,https://api.spotify.com/v1/tracks/0e7ipj03S05BNilyu5bRzt,https://api.spotify.com/v1/audio-analysis/0e7ipj03S05BNilyu5bRzt,218147,4
0.717,0.653,1,-5.634,1,0.0658,0.229,0,0.101,0.412,106.966,audio_features,3e9HZxeyfWwjeyPAMmWSSQ,spotify:track:3e9HZxeyfWwjeyPAMmWSSQ,https://api.spotify.com/v1/tracks/3e9HZxeyfWwjeyPAMmWSSQ,https://api.spotify.com/v1/audio-analysis/3e9HZxeyfWwjeyPAMmWSSQ,207320,4
0.51,0.835,3,-4.673,1,0.0447,0.00791,0,0.219,0.435,140.024,audio_features,11cDEev79fPKi6uJCjUhu8,spotify:track:11cDEev79fPKi6uJCjUhu8,https://api.spotify.com/v1/tracks/11cDEev79fPKi6uJCjUhu8,https://api.spotify.com/v1/audio-analysis/11cDEev79fPKi6uJCjUhu8,226747,4
0.674,0.881,9,-2.853,1,0.147,0.296,3.01e-06,0.0793,0.234,98.994,audio_features,5WHTFyqSii0lmT9R21abT8,spotify:track:5WHTFyqSii0lmT9R21abT8,https://api.spotify.com/v1/tracks/5WHTFyqSii0lmT9R21abT8,https://api.spotify.com/v1/audio-analysis/5WHTFyqSii0lmT9R21abT8,178480,4
0.68,0.559,0,-5.545,1,0.129,0.172,0,0.318,0.137,202.006,audio_features,63cd4JkwGgYJrbOizbfmsp,spotify:track:63cd4JkwGgYJrbOizbfmsp,https://api.spotify.com/v1/tracks/63cd4JkwGgYJrbOizbfmsp,https://api.spotify.com/v1/audio-analysis/63cd4JkwGgYJrbOizbfmsp,194520,4
0.747,0.57,1,-6.711,1,0.081,0.0642,0,0.0832,0.65,133.992,audio_features,0PG9fbaaHFHfre2gUVo7AN,spotify:track:0PG9fbaaHFHfre2gUVo7AN,https://api.spotify.com/v1/tracks/0PG9fbaaHFHfre2gUVo7AN,https://api.spotify.com/v1/audio-analysis/0PG9fbaaHFHfre2gUVo7AN,200890,4
0.663,0.675,2,-12.159,1,0.0359,0.0863,0.00133,0.117,0.176,101.004,audio_features,7wFybC8jBH3zE139OpCtpG,spotify:track:7wFybC8jBH3zE139OpCtpG,https://api.spotify.com/v1/tracks/7wFybC8jBH3zE139OpCtpG,https://api.spotify.com/v1/audio-analysis/7wFybC8jBH3zE139OpCtpG,202093,4
0.745,0.693,2,-5.479,0,0.034,0.339,0,0.123,0.248,98.039,audio_features,2XWjPtKdi5sucFYtVav07d,spotify:track:2XWjPtKdi5sucFYtVav07d,https://api.spotify.com/v1/tracks/2XWjPtKdi5sucFYtVav07d,https://api.spotify.com/v1/audio-analysis/2XWjPtKdi5sucFYtVav07d,181900,4
0.553,0.502,0,-5.972,1,0.0409,0.299,0,0.764,0.296,129.976,audio_features,2rbDhOo9Fh61Bbu23T2qCk,spotify:track:2rbDhOo9Fh61Bbu23T2qCk,https://api.spotify.com/v1/tracks/2rbDhOo9Fh61Bbu23T2qCk,https://api.spotify.com/v1/audio-analysis/2rbDhOo9Fh61Bbu23T2qCk,210200,4
0.464,0.852,11,-3.804,1,0.067,0.0116,0,0.108,0.233,160.075,audio_features,4mGdjNMo0RonTlOEb7cYg4,spotify:track:4mGdjNMo0RonTlOEb7cYg4,https://api.spotify.com/v1/tracks/4mGdjNMo0RonTlOEb7cYg4,https://api.spotify.com/v1/audio-analysis/4mGdjNMo0RonTlOEb7cYg4,239507,4
0.846,0.731,1,-5.027,0,0.064,0.0436,0,0.0949,0.933,137.947,audio_features,4y3OI86AEP6PQoDE6olYhO,spotify:track:4y3OI86AEP6PQoDE6olYhO,https://api.spotify.com/v1/tracks/4y3OI86AEP6PQoDE6olYhO,https://api.spotify.com/v1/audio-analysis/4y3OI86AEP6PQoDE6olYhO,181040,4
0.761,0.479,2,-5.574,1,0.0466,0.552,0,0.0704,0.912,89.913,audio_features,7dbka99KTWke5o9hRp0JoB,spotify:track:7dbka99KTWke5o9hRp0JoB,https://api.spotify.com/v1/tracks/7dbka99KTWke5o9hRp0JoB,https://api.spotify.com/v1/audio-analysis/7dbka99KTWke5o9hRp0JoB,158040,4
0.844,0.513,1,-8.769,1,0.335,0.178,0,0.0845,0.344,128.085,audio_features,7pMRoGLEJuFM2wl5pt0R99,spotify:track:7pMRoGLEJuFM2wl5pt0R99,https://api.spotify.com/v1/tracks/7pMRoGLEJuFM2wl5pt0R99,https://api.spotify.com/v1/audio-analysis/7pMRoGLEJuFM2wl5pt0R99,244941,4
0.632,0.686,6,-7.665,0,0.243,0.549,0,0.2,0.329,89.949,audio_features,7FGq80cy8juXBCD2nrqdWU,spotify:track:7FGq80cy8juXBCD2nrqdWU,https://api.spotify.com/v1/tracks/7FGq80cy8juXBCD2nrqdWU,https://api.spotify.com/v1/audio-analysis/7FGq80cy8juXBCD2nrqdWU,170770,4
0.514,0.618,11,-4.585,0,0.0317,0.175,0,0.117,0.401,84.259,audio_features,0i0wnv9UoFdZ5MfuFGQzMy,spotify:track:0i0wnv9UoFdZ5MfuFGQzMy,https://api.spotify.com/v1/tracks/0i0wnv9UoFdZ5MfuFGQzMy,https://api.spotify.com/v1/audio-analysis/0i0wnv9UoFdZ5MfuFGQzMy,150333,4
0.397,0.396,3,-9.91,1,0.05,0.254,0,0.268,0.227,142.913,audio_features,7tFiyTwD0nx5a1eklYtX2J,spotify:track:7tFiyTwD0nx5a1eklYtX2J,https://api.spotify.com/v1/tracks/7tFiyTwD0nx5a1eklYtX2J,https://api.spotify.com/v1/audio-analysis/7tFiyTwD0nx5a1eklYtX2J,354320,4
0.541,0.468,10,-4.039,0,0.362,0.404,3.65e-06,0.358,0.69,95.266,audio_features,1WSGTYKLEpKfNQYYW5Oymt,spotify:track:1WSGTYKLEpKfNQYYW5Oymt,https://api.spotify.com/v1/tracks/1WSGTYKLEpKfNQYYW5Oymt,https://api.spotify.com/v1/audio-analysis/1WSGTYKLEpKfNQYYW5Oymt,158027,4
0.936,0.559,7,-8.587,0,0.157,0.479,0,0.128,0.527,112.347,audio_features,4TWflhgevIGo448fWc6mQq,spotify:track:4TWflhgevIGo448fWc6mQq,https://api.spotify.com/v1/tracks/4TWflhgevIGo448fWc6mQq,https://api.spotify.com/v1/audio-analysis/4TWflhgevIGo448fWc6mQq,241440,4
0.592,0.584,8,-6.232,0,0.0893,0.158,2.63e-06,0.132,0.447,88.073,audio_features,1R6VwZ8TuHRzxZUxe88n4I,spotify:track:1R6VwZ8TuHRzxZUxe88n4I,https://api.spotify.com/v1/tracks/1R6VwZ8TuHRzxZUxe88n4I,https://api.spotify.com/v1/audio-analysis/1R6VwZ8TuHRzxZUxe88n4I,245893,4
0.847,0.58,1,-5.316,1,0.0723,0.0276,0.0548,0.1,0.575,137.995,audio_features,7EQpvVujgytLVY8vKiDHAg,spotify:track:7EQpvVujgytLVY8vKiDHAg,https://api.spotify.com/v1/tracks/7EQpvVujgytLVY8vKiDHAg,https://api.spotify.com/v1/audio-analysis/7EQpvVujgytLVY8vKiDHAg,267107,4
0.793,0.399,7,-7.428,1,0.0951,0.12,0,0.124,0.0379,121.949,audio_features,6Z4rmc0uujCpl8yXe3yjgI,spotify:track:6Z4rmc0uujCpl8yXe3yjgI,https://api.spotify.com/v1/tracks/6Z4rmc0uujCpl8yXe3yjgI,https://api.spotify.com/v1/audio-analysis/6Z4rmc0uujCpl8yXe3yjgI,226600,4
0.719,0.607,10,-7.323,0,0.0398,0.634,7.76e-06,0.111,0.48,149.969,audio_features,284ABgw7KmrZj81h4kIc3l,spotify:track:284ABgw7KmrZj81h4kIc3l,https://api.spotify.com/v1/tracks/284ABgw7KmrZj81h4kIc3l,https://api.spotify.com/v1/audio-analysis/284ABgw7KmrZj81h4kIc3l,188362,4
0.673,0.687,6,-5.295,0,0.0623,0.269,0,0.181,0.524,96.964,audio_features,2qfEcCkEo5NscA9GL7ER72,spotify:track:2qfEcCkEo5NscA9GL7ER72,https://api.spotify.com/v1/tracks/2qfEcCkEo5NscA9GL7ER72,https://api.spotify.com/v1/audio-analysis/2qfEcCkEo5NscA9GL7ER72,211040,4
0.617,0.867,8,-5.548,1,0.0977,0.00728,0,0.178,0.5,155.941,audio_features,3ScXlOb2Z0WDUa0tBctYhH,spotify:track:3ScXlOb2Z0WDUa0tBctYhH,https://api.spotify.com/v1/tracks/3ScXlOb2Z0WDUa0tBctYhH,https://api.spotify.com/v1/audio-analysis/3ScXlOb2Z0WDUa0tBctYhH,181731,4
0.795,0.513,7,-10.131,0,0.296,0.604,0,0.0859,0.664,143.818,audio_features,5xlVg1X1hOatszqVaHDtR1,spotify:track:5xlVg1X1hOatszqVaHDtR1,https://api.spotify.com/v1/tracks/5xlVg1X1hOatszqVaHDtR1,https://api.spotify.com/v1/audio-analysis/5xlVg1X1hOatszqVaHDtR1,192500,4
0.672,0.839,7,-3.714,1,0.0783,0.16,0,0.212,0.607,81.997,audio_features,7mcEtXc99NlM4iIbcj9CXL,spotify:track:7mcEtXc99NlM4iIbcj9CXL,https://api.spotify.com/v1/tracks/7mcEtXc99NlM4iIbcj9CXL,https://api.spotify.com/v1/audio-analysis/7mcEtXc99NlM4iIbcj9CXL,214390,4
0.856,0.602,7,-6.139,0,0.0406,0.171,0,0.116,0.642,130.012,audio_features,0nwZnxVuMmMtIG0CchiYYF,spotify:track:0nwZnxVuMmMtIG0CchiYYF,https://api.spotify.com/v1/tracks/0nwZnxVuMmMtIG0CchiYYF,https://api.spotify.com/v1/audio-analysis/0nwZnxVuMmMtIG0CchiYYF,223341,4
