danceability,energy,key,loudness,mode,speechiness,acousticness,instrumentalness,liveness,valence,tempo,type,id,uri,track_href,analysis_url,duration_ms,time_signature
0.726,0.554,5,-5.29,0,0.0917,0.0421,0,0.106,0.335,169.999,audio_features,4kV4N9D1iKVxx1KLvtTpjS,spotify:track:4kV4N9D1iKVxx1KLvtTpjS,https://api.spotify.com/v1/tracks/4kV4N9D1iKVxx1KLvtTpjS,https://api.spotify.com/v1/audio-analysis/4kV4N9D1iKVxx1KLvtTpjS,190440,4
0.833,0.539,11,-7.399,0,0.178,0.163,2.1e-06,0.101,0.385,99.947,audio_features,6MWtB6iiXyIwun0YzU6DFP,spotify:track:6MWtB6iiXyIwun0YzU6DFP,https://api.spotify.com/v1/tracks/6MWtB6iiXyIwun0YzU6DFP,https://api.spotify.com/v1/audio-analysis/6MWtB6iiXyIwun0YzU6DFP,149520,4
0.687,0.792,5,-2.749,1,0.0452,0.191,0,0.167,0.671,100.015,audio_features,2dpaYNEQHiRxtZbfNsse99,spotify:track:2dpaYNEQHiRxtZbfNsse99,https://api.spotify.com/v1/tracks/2dpaYNEQHiRxtZbfNsse99,https://api.spotify.com/v1/audio-analysis/2dpaYNEQHiRxtZbfNsse99,214290,4
0.752,0.488,6,-7.05,1,0.0705,0.297,9.11e-06,0.0936,0.533,136.041,audio_features,5p7ujcrUXASCNwRaWNHR1C,spotify:track:5p7ujcrUXASCNwRaWNHR1C,https://api.spotify.com/v1/tracks/5p7ujcrUXASCNwRaWNHR1C,https://api.spotify.com/v1/audio-analysis/5p7ujcrUXASCNwRaWNHR1C,201661,4
0.837,0.364,8,-11.713,1,0.276,0.149,0,0.271,0.463,123.984,audio_features,2JvzF1RMd7lE3KmFlsyZD8,spotify:track:2JvzF1RMd7lE3KmFlsyZD8,https://api.spotify.com/v1/tracks/2JvzF1RMd7lE3KmFlsyZD8,https://api.spotify.com/v1/audio-analysis/2JvzF1RMd7lE3KmFlsyZD8,213594,4
0.741,0.52,8,-7.513,1,0.0656,0.45,1.97e-06,0.222,0.347,102.998,audio_features,6Qs4SXO9dwPj5GKvVOv8Ki,spotify:track:6Qs4SXO9dwPj5GKvVOv8Ki,https://api.spotify.com/v1/tracks/6Qs4SXO9dwPj5GKvVOv8Ki,https://api.spotify.com/v1/audio-analysis/6Qs4SXO9dwPj5GKvVOv8Ki,171030,4
0.905,0.389,8,-14.505,1,0.332,0.74,0.162,0.106,0.196,120.046,audio_features,4NzMOnvSJVNKF7nw5NkXIP,spotify:track:4NzMOnvSJVNKF7nw5NkXIP,https://api.spotify.com/v1/tracks/4NzMOnvSJVNKF7nw5NkXIP,https://api.spotify.com/v1/audio-analysis/4NzMOnvSJVNKF7nw5NkXIP,193143,4
0.719,0.704,1,-4.724,1,0.0476,0.0691,0,0.166,0.628,133.002,audio_features,25sgk305KZfyuqVBQIahim,spotify:track:25sgk305KZfyuqVBQIahim,https://api.spotify.com/v1/tracks/25sgk305KZfyuqVBQIahim,https://api.spotify.com/v1/audio-analysis/25sgk305KZfyuqVBQIahim,187436,4
0.889,0.496,4,-6.365,0,0.0905,0.259,0,0.252,0.544,86.003,audio_features,2IRZnDFmlqMuOrYOLnZZyc,spotify:track:2IRZnDFmlqMuOrYOLnZZyc,https://api.spotify.com/v1/tracks/2IRZnDFmlqMuOrYOLnZZyc,https://api.spotify.com/v1/audio-analysis/2IRZnDFmlqMuOrYOLnZZyc,180522,4
0.572,0.385,7,-6.362,1,0.0308,0.371,0,0.231,0.323,95.799,audio_features,2VxeLyX666F8uXCJ0dZF8B,spotify:track:2VxeLyX666F8uXCJ0dZF8B,https://api.spotify.com/v1/tracks/2VxeLyX666F8uXCJ0dZF8B,https://api.spotify.com/v1/audio-analysis/2VxeLyX666F8uXCJ0dZF8B,215733,4
0.834,0.73,8,-3.714,1,0.222,0.00513,0,0.124,0.446,155.008,audio_features,2xLMifQCjDGFmkHkpNLD9h,spotify:track:2xLMifQCjDGFmkHkpNLD9h,https://api.spotify.com/v1/tracks/2xLMifQCjDGFmkHkpNLD9h,https://api.spotify.com/v1/audio-analysis/2xLMifQCjDGFmkHkpNLD9h,312820,4
0.579,0.904,5,-2.729,1,0.0618,0.193,0,0.064,0.681,82.014,audio_features,1rqqCSm0Qe4I9rUvWncaom,spotify:track:1rqqCSm0Qe4I9rUvWncaom,https://api.spotify.com/v1/tracks/1rqqCSm0Qe4I9rUvWncaom,https://api.spotify.com/v1/audio-analysis/1rqqCSm0Qe4I9rUvWncaom,190947,4
0.778,0.317,1,-10.732,0,0.334,0.592,0,0.0881,0.327,140.048,audio_features,6ocbgoVGwYJhOv1GgI9NsF,spotify:track:6ocbgoVGwYJhOv1GgI9NsF,https://api.spotify.com/v1/tracks/6ocbgoVGwYJhOv1GgI9NsF,https://api.spotify.com/v1/audio-analysis/6ocbgoVGwYJhOv1GgI9NsF,178627,4
0.599,0.733,11,-7.058,1,0.203,0.176,0,0.242,0.534,102.211,audio_features,7COXchtUOMd6uIT6HvmRaI,spotify:track:7COXchtUOMd6uIT6HvmRaI,https://api.spotify.com/v1/tracks/7COXchtUOMd6uIT6HvmRaI,https://api.spotify.com/v1/audio-analysis/7COXchtUOMd6uIT6HvmRaI,162583,4
0.837,0.636,1,-7.643,1,0.086,0.0395,0.00125,0.342,0.274,145.972,audio_features,2t8yVaLvJ0RenpXUIAC52d,spotify:track:2t8yVaLvJ0RenpXUIAC52d,https://api.spotify.com/v1/tracks/2t8yVaLvJ0RenpXUIAC52d,https://api.spotify.com/v1/audio-analysis/2t8yVaLvJ0RenpXUIAC52d,288624,4
0.807,0.887,1,-4.311,0,0.0361,0.016,0.000503,0.0811,0.606,122.015,audio_features,5itOtNx0WxtJmi1TQ3RuRd,spotify:track:5itOtNx0WxtJmi1TQ3RuRd,https://api.spotify.com/v1/tracks/5itOtNx0WxtJmi1TQ3RuRd,https://api.spotify.com/v1/audio-analysis/5itOtNx0WxtJmi1TQ3RuRd,229184,4
0.9,0.4,0,-8.443,1,0.124,0.0501,0,0.0876,0.338,136.001,audio_features,0rTV5WefWd1J3OwIheTzxM,spotify:track:0rTV5WefWd1J3OwIheTzxM,https://api.spotify.com/v1/tracks/0rTV5WefWd1J3OwIheTzxM,https://api.spotify.com/v1/audio-analysis/0rTV5WefWd1J3OwIheTzxM,197487,4
0.906,0.382,10,-12.89,0,0.269,0.18,0,0.113,0.391,104.025,audio_features,3oh6SCCeLuXhFpEyepla6G,spotify:track:3oh6SCCeLuXhFpEyepla6G,https://api.spotify.com/v1/tracks/3oh6SCCeLuXhFpEyepla6G,https://api.spotify.com/v1/audio-analysis/3oh6SCCeLuXhFpEyepla6G,129264,4
0.861,0.603,8,-5.788,0,0.176,0.0521,0,0.0924,0.504,98.043,audio_features,0FZ4Dmg8jJJAPJnvBIzD9z,spotify:track:0FZ4Dmg8jJJAPJnvBIzD9z,https://api.spotify.com/v1/tracks/0FZ4Dmg8jJJAPJnvBIzD9z,https://api.spotify.com/v1/audio-analysis/0FZ4Dmg8jJJAPJnvBIzD9z,228760,4
0.729,0.625,4,-5.266,1,0.0315,0.194,0.00986,0.248,0.261,146.034,audio_features,1xzBco0xcoJEDXktl7Jxrr,spotify:track:1xzBco0xcoJEDXktl7Jxrr,https://api.spotify.com/v1/tracks/1xzBco0xcoJEDXktl7Jxrr,https://api.spotify.com/v1/audio-analysis/1xzBco0xcoJEDXktl7Jxrr,183907,4
0.68,0.563,10,-5.843,1,0.0454,0.354,0,0.136,0.374,145.028,audio_features,7dt6x5M1jzdTEt8oCbisTK,spotify:track:7dt6x5M1jzdTEt8oCbisTK,https://api.spotify.com/v1/tracks/7dt6x5M1jzdTEt8oCbisTK,https://api.spotify.com/v1/audio-analysis/7dt6x5M1jzdTEt8oCbisTK,231267,4
0.896,0.671,1,-6.977,0,0.289,0.103,0,0.552,0.358,112.502,audio_features,78QR3Wp35dqAhFEc2qAGjE,spotify:track:78QR3Wp35dqAhFEc2qAGjE,https://api.spotify.com/v1/tracks/78QR3Wp35dqAhFEc2qAGjE,https://api.spotify.com/v1/audio-analysis/78QR3Wp35dqAhFEc2qAGjE,145543,4
0.652,0.557,1,-5.714,0,0.0318,0.74,0,0.124,0.483,150.073,audio_features,2qxmye6gAegTMjLKEBoR3d,spotify:track:2qxmye6gAegTMjLKEBoR3d,https://api.spotify.com/v1/tracks/2qxmye6gAegTMjLKEBoR3d,https://api.spotify.com/v1/audio-analysis/2qxmye6gAegTMjLKEBoR3d,169354,4
0.511,0.566,6,-7.23,0,0.2,0.349,0,0.34,0.218,83.903,audio_features,285pBltuF7vW8TeWk8hdRR,spotify:track:285pBltuF7vW8TeWk8hdRR,https://api.spotify.com/v1/tracks/285pBltuF7vW8TeWk8hdRR,https://api.spotify.com/v1/audio-analysis/285pBltuF7vW8TeWk8hdRR,239836,4
0.759,0.73,0,-7.985,0,0.0516,0.145,3.06e-06,0.11,0.74,115.007,audio_features,7eBqSVxrzQZtK2mmgRG6lC,spotify:track:7eBqSVxrzQZtK2mmgRG6lC,https://api.spotify.com/v1/tracks/7eBqSVxrzQZtK2mmgRG6lC,https://api.spotify.com/v1/audio-analysis/7eBqSVxrzQZtK2mmgRG6lC,268434,4
0.791,0.587,3,-5.075,0,0.0413,0.407,0,0.148,0.536,96.057,audio_features,3Ol2xnObFdKV9pmRD2t9x8,spotify:track:3Ol2xnObFdKV9pmRD2t9x8,https://api.spotify.com/v1/tracks/3Ol2xnObFdKV9pmRD2t9x8,https://api.spotify.com/v1/audio-analysis/3Ol2xnObFdKV9pmRD2t9x8,179449,4
0.717,0.653,1,-5.634,1,0.0658,0.229,0,0.101,0.412,106.966,audio_features,3e9HZxeyfWwjeyPAMmWSSQ,spotify:track:3e9HZxeyfWwjeyPAMmWSSQ,https://api.spotify.com/v1/tracks/3e9HZxeyfWwjeyPAMmWSSQ,https://api.spotify.com/v1/audio-analysis/3e9HZxeyfWwjeyPAMmWSSQ,207320,4
0.581,0.662,9,-5.239,1,0.303,0.0153,0,0.111,0.434,93.023,audio_features,1wJRveJZLSb1rjhnUHQiv6,spotify:track:1wJRveJZLSb1rjhnUHQiv6,https://api.spotify.com/v1/tracks/1wJRveJZLSb1rjhnUHQiv6,https://api.spotify.com/v1/audio-analysis/1wJRveJZLSb1rjhnUHQiv6,189487,4
0.51,0.835,3,-4.673,1,0.0447,0.00791,0,0.219,0.435,140.024,audio_features,11cDEev79fPKi6uJCjUhu8,spotify:track:11cDEev79fPKi6uJCjUhu8,https://api.spotify.com/v1/tracks/11cDEev79fPKi6uJCjUhu8,https://api.spotify.com/v1/audio-analysis/11cDEev79fPKi6uJCjUhu8,226747,4
0.884,0.559,0,-7.442,1,0.12,0.0236,0,0.101,0.342,97.994,audio_features,5IaHrVsrferBYDm0bDyABy,spotify:track:5IaHrVsrferBYDm0bDyABy,https://api.spotify.com/v1/tracks/5IaHrVsrferBYDm0bDyABy,https://api.spotify.com/v1/audio-analysis/5IaHrVsrferBYDm0bDyABy,232959,4
0.68,0.559,0,-5.545,1,0.129,0.172,0,0.318,0.137,202.006,audio_features,63cd4JkwGgYJrbOizbfmsp,spotify:track:63cd4JkwGgYJrbOizbfmsp,https://api.spotify.com/v1/tracks/63cd4JkwGgYJrbOizbfmsp,https://api.spotify.com/v1/audio-analysis/63cd4JkwGgYJrbOizbfmsp,194520,4
0.747,0.57,1,-6.711,1,0.081,0.0642,0,0.0832,0.65,133.992,audio_features,0PG9fbaaHFHfre2gUVo7AN,spotify:track:0PG9fbaaHFHfre2gUVo7AN,https://api.spotify.com/v1/tracks/0PG9fbaaHFHfre2gUVo7AN,https://api.spotify.com/v1/audio-analysis/0PG9fbaaHFHfre2gUVo7AN,200890,4
0.674,0.881,9,-2.853,1,0.147,0.296,3.01e-06,0.0793,0.234,98.994,audio_features,5WHTFyqSii0lmT9R21abT8,spotify:track:5WHTFyqSii0lmT9R21abT8,https://api.spotify.com/v1/tracks/5WHTFyqSii0lmT9R21abT8,https://api.spotify.com/v1/audio-analysis/5WHTFyqSii0lmT9R21abT8,178480,4
0.708,0.691,2,-5.179,1,0.0442,0.342,0,0.222,0.535,79.99,audio_features,44ShclXTOOnYtt5CnCDeGV,spotify:track:44ShclXTOOnYtt5CnCDeGV,https://api.spotify.com/v1/tracks/44ShclXTOOnYtt5CnCDeGV,https://api.spotify.com/v1/audio-analysis/44ShclXTOOnYtt5CnCDeGV,240527,4
0.912,0.412,7,-8.074,1,0.124,0.0164,0.013,0.104,0.422,154.983,audio_features,0TlLq3lA83rQOYtrqBqSct,spotify:track:0TlLq3lA83rQOYtrqBqSct,https://api.spotify.com/v1/tracks/0TlLq3lA83rQOYtrqBqSct,https://api.spotify.com/v1/audio-analysis/0TlLq3lA83rQOYtrqBqSct,238614,4
0.596,0.552,0,-10.278,0,0.097,0.0765,0.334,0.104,0.112,97.949,audio_features,6zeeWid2sgw4lap2jV61PZ,spotify:track:6zeeWid2sgw4lap2jV61PZ,https://api.spotify.com/v1/tracks/6zeeWid2sgw4lap2jV61PZ,https://api.spotify.com/v1/audio-analysis/6zeeWid2sgw4lap2jV61PZ,229320,4
0.596,0.854,7,-5.114,0,0.463,0.0169,0,0.124,0.152,120.274,audio_features,2iUXsYOEPhVqEBwsqP70rE,spotify:track:2iUXsYOEPhVqEBwsqP70rE,https://api.spotify.com/v1/tracks/2iUXsYOEPhVqEBwsqP70rE,https://api.spotify.com/v1/audio-analysis/2iUXsYOEPhVqEBwsqP70rE,203418,4
0.661,0.44,2,-9.104,1,0.0803,0.457,0,0.128,0.352,149.937,audio_features,6vWEAOUSxohKxhp0K1BsxL,spotify:track:6vWEAOUSxohKxhp0K1BsxL,https://api.spotify.com/v1/tracks/6vWEAOUSxohKxhp0K1BsxL,https://api.spotify.com/v1/audio-analysis/6vWEAOUSxohKxhp0K1BsxL,230400,4
0.846,0.731,1,-5.027,0,0.064,0.0436,0,0.0949,0.933,137.947,audio_features,4y3OI86AEP6PQoDE6olYhO,spotify:track:4y3OI86AEP6PQoDE6olYhO,https://api.spotify.com/v1/tracks/4y3OI86AEP6PQoDE6olYhO,https://api.spotify.com/v1/audio-analysis/4y3OI86AEP6PQoDE6olYhO,181040,4
0.761,0.479,2,-5.574,1,0.0466,0.552,0,0.0704,0.912,89.913,audio_features,7dbka99KTWke5o9hRp0JoB,spotify:track:7dbka99KTWke5o9hRp0JoB,https://api.spotify.com/v1/tracks/7dbka99KTWke5o9hRp0JoB,https://api.spotify.com/v1/audio-analysis/7dbka99KTWke5o9hRp0JoB,158040,4
0.632,0.686,6,-7.665,0,0.243,0.549,0,0.2,0.329,89.949,audio_features,7FGq80cy8juXBCD2nrqdWU,spotify:track:7FGq80cy8juXBCD2nrqdWU,https://api.spotify.com/v1/tracks/7FGq80cy8juXBCD2nrqdWU,https://api.spotify.com/v1/audio-analysis/7FGq80cy8juXBCD2nrqdWU,170770,4
0.844,0.513,1,-8.769,1,0.335,0.178,0,0.0845,0.344,128.085,audio_features,7pMRoGLEJuFM2wl5pt0R99,spotify:track:7pMRoGLEJuFM2wl5pt0R99,https://api.spotify.com/v1/tracks/7pMRoGLEJuFM2wl5pt0R99,https://api.spotify.com/v1/audio-analysis/7pMRoGLEJuFM2wl5pt0R99,244941,4
0.551,0.44,10,-8.559,1,0.0985,0.606,3.02e-05,0.11,0.341,167.923,audio_features,5kfNriitmkNE8mUbZ7gbq8,spotify:track:5kfNriitmkNE8mUbZ7gbq8,https://api.spotify.com/v1/tracks/5kfNriitmkNE8mUbZ7gbq8,https://api.spotify.com/v1/audio-analysis/5kfNriitmkNE8mUbZ7gbq8,210667,4
0.397,0.396,3,-9.91,1,0.05,0.254,0,0.268,0.227,142.913,audio_features,7tFiyTwD0nx5a1eklYtX2J,spotify:track:7tFiyTwD0nx5a1eklYtX2J,https://api.spotify.com/v1/tracks/7tFiyTwD0nx5a1eklYtX2J,https://api.spotify.com/v1/audio-analysis/7tFiyTwD0nx5a1eklYtX2J,354320,4
0.541,0.468,10,-4.039,0,0.362,0.404,3.65e-06,0.358,0.69,95.266,audio_features,1WSGTYKLEpKfNQYYW5Oymt,spotify:track:1WSGTYKLEpKfNQYYW5Oymt,https://api.spotify.com/v1/tracks/1WSGTYKLEpKfNQYYW5Oymt,https://api.spotify.com/v1/audio-analysis/1WSGTYKLEpKfNQYYW5Oymt,158027,4
0.61,0.725,8,-5.131,1,0.15,0.367,0,0.154,0.291,146.163,audio_features,6ZRuF2n1CQxyxxAAWsKJOy,spotify:track:6ZRuF2n1CQxyxxAAWsKJOy,https://api.spotify.com/v1/tracks/6ZRuF2n1CQxyxxAAWsKJOy,https://api.spotify.com/v1/audio-analysis/6ZRuF2n1CQxyxxAAWsKJOy,201788,4
0.656,0.432,6,-9.481,0,0.217,0.443,0,0.132,0.0897,97.022,audio_features,0mfCH4nfpshBQR9ueZP5eP,spotify:track:0mfCH4nfpshBQR9ueZP5eP,https://api.spotify.com/v1/tracks/0mfCH4nfpshBQR9ueZP5eP,https://api.spotify.com/v1/audio-analysis/0mfCH4nfpshBQR9ueZP5eP,222374,4
0.649,0.453,6,-7.28,1,0.085,0.627,0,0.116,0.431,99.183,audio_features,4ZT9FnbFu1PaBfV3itxiqT,spotify:track:4ZT9FnbFu1PaBfV3itxiqT,https://api.spotify.com/v1/tracks/4ZT9FnbFu1PaBfV3itxiqT,https://api.spotify.com/v1/audio-analysis/4ZT9FnbFu1PaBfV3itxiqT,181891,4
0.936,0.559,7,-8.587,0,0.157,0.479,0,0.128,0.527,112.347,audio_features,4TWflhgevIGo448fWc6mQq,spotify:track:4TWflhgevIGo448fWc6mQq,https://api.spotify.com/v1/tracks/4TWflhgevIGo448fWc6mQq,https://api.spotify.com/v1/audio-analysis/4TWflhgevIGo448fWc6mQq,241440,4
0.648,0.701,10,-3.546,1,0.186,0.417,9.9e-06,0.103,0.588,177.943,audio_features,5UYK9MervBCROg8AHNeEIy,spotify:track:5UYK9MervBCROg8AHNeEIy,https://api.spotify.com/v1/tracks/5UYK9MervBCROg8AHNeEIy,https://api.spotify.com/v1/audio-analysis/5UYK9MervBCROg8AHNeEIy,189977,4
